Chr,Start,End,MM6,GenomicCategory,Func.ncbiRefSeq,Gene.ncbiRefSeq,NumOfTissues,Tissues,DistanceFromExonEnd
chr1,21050,21051,AG,ncRNA_intronic,ncRNA_intronic,WASH7P,11,Brain_Cortex;Brain_Anterior_cingulate_cortex_BA24;Brain_Amygdala;Brain_Spinal_cord_cervical_c1;Brain_Substantia_nigra;Brain_Frontal_Cortex_BA9;Brain_Hypothalamus;Brain_Hippocampus;Brain_Nucleus_accumbens_basal_ganglia;Brain_Caudate_basal_ganglia;Brain_Putamen_basal_ganglia,2685
chr1,23261,23262,AG,ncRNA_intronic,ncRNA_intronic,WASH7P,1,Artery_Tibial,1476
chr1,24894,24895,AG,ncRNA_intronic,ncRNA_intronic,WASH7P,2,Muscle_Skeletal;Testis,4
chr1,28706,28707,AG,ncRNA_intronic,ncRNA_intronic,WASH7P,5,Artery_Tibial;Brain_Cortex;Brain_Spinal_cord_cervical_c1;Brain_Frontal_Cortex_BA9;Brain_Caudate_basal_ganglia,614
chr1,128315,128316,AG,intergenic,intergenic,OR4F5;LOC729737,1,Whole_Blood,909
chr1,133317,133318,AG,intergenic,intergenic,OR4F5;LOC729737,1,Whole_Blood,1455
chr1,133318,133319,AG,intergenic,intergenic,OR4F5;LOC729737,1,Whole_Blood,1454
chr1,133908,133909,AG,UpDownStream,downstream,LOC729737,2,Whole_Blood;Pituitary,864
chr1,134596,134597,AG,UpDownStream,downstream,LOC729737,2,Pituitary;Cervix_Ectocervix,176
chr1,143749,143750,AG,intergenic,intergenic,LOC729737;DDX11L17,2,Whole_Blood;Pituitary,3184
chr1,143864,143865,AG,intergenic,intergenic,LOC729737;DDX11L17,2,Whole_Blood;Lung,3299
chr1,191317,191318,AG,intergenic,intergenic,MIR6859-2;OR4F29,2,Artery_Tibial;Artery_Aorta,6440
chr1,191586,191587,AG,intergenic,intergenic,MIR6859-2;OR4F29,1,Pituitary,6709
chr1,266235,266236,CT,intergenic,intergenic,MIR6859-2;OR4F29,2,Uterus;Brain_Frontal_Cortex_BA9,7200
chr1,266580,266581,AG,intergenic,intergenic,MIR6859-2;OR4F29,2,Whole_Blood;Brain_Hypothalamus,7545
chr1,266910,266911,CT,intergenic,intergenic,MIR6859-2;OR4F29,1,Testis,7875
chr1,495165,495166,AG,ncRNA_intronic,ncRNA_intronic,LOC100132287,8,Testis;Pituitary;Prostate;Vagina;Kidney_Cortex;Bladder;Cervix_Ectocervix;Fallopian_Tube,111
chr1,502358,502359,AG,intergenic,intergenic,LOC100132287;LOC101928626,15,Whole_Blood;Lung;Artery_Aorta;Testis;Pituitary;Spleen;Prostate;Brain_Cortex;Vagina;Uterus;Bladder;Cervix_Endocervix;Fallopian_Tube;Ovary;Minor_Salivary_Gland,6914
chr1,502385,502386,AG,intergenic,intergenic,LOC100132287;LOC101928626,1,Pituitary,6941
chr1,502473,502474,AG,intergenic,intergenic,LOC100132287;LOC101928626,1,Whole_Blood,7029
chr1,517176,517177,CT,intergenic,intergenic,LOC100132287;LOC101928626,2,Fallopian_Tube;Minor_Salivary_Gland,21732
chr1,525577,525578,AC,intergenic,intergenic,LOC100132287;LOC101928626,1,Brain_Cerebellar_Hemisphere,30133
chr1,526385,526386,AG,intergenic,intergenic,LOC100132287;LOC101928626,39,Whole_Blood;Skin_Sun_Exposed_Lower_leg;Skin_Not_Sun_Exposed_Suprapubic;Nerve_Tibial;Adipose_Subcutaneous;Thyroid;Small_Intestine_Terminal_Ileum;Lung;Adipose_Visceral_Omentum;Esophagus_Muscularis;Breast_Mammary_Tissue;Artery_Aorta;Heart_Atrial_Appendage;Testis;Colon_Sigmoid;Pituitary;Spleen;Brain_Cerebellum;Prostate;Liver;Brain_Cortex;Brain_Anterior_cingulate_cortex_BA24;Vagina;Brain_Amygdala;Uterus;Brain_Spinal_cord_cervical_c1;Brain_Substantia_nigra;Kidney_Cortex;Cervix_Ectocervix;Artery_Coronary;Brain_Cerebellar_Hemisphere;Brain_Frontal_Cortex_BA9;Brain_Hypothalamus;Brain_Hippocampus;Ovary;Minor_Salivary_Gland;Brain_Nucleus_accumbens_basal_ganglia;Brain_Caudate_basal_ganglia;Brain_Putamen_basal_ganglia,30941
chr1,526572,526573,AG,intergenic,intergenic,LOC100132287;LOC101928626,5,Pituitary;Brain_Cortex;Brain_Amygdala;Brain_Frontal_Cortex_BA9;Brain_Hypothalamus,31128
chr1,629071,629072,AG,UpDownStream,upstream,LOC101928626,1,Kidney_Cortex,63
chr1,629080,629081,AG,UpDownStream,upstream,LOC101928626,1,Kidney_Cortex,72
chr1,629217,629218,AT,UpDownStream,upstream,LOC101928626,12,Skin_Sun_Exposed_Lower_leg;Skin_Not_Sun_Exposed_Suprapubic;Nerve_Tibial;Thyroid;Lung;Esophagus_Mucosa;Artery_Aorta;Pancreas;Brain_Spinal_cord_cervical_c1;Cervix_Endocervix;Cells_Cultured_fibroblasts;Minor_Salivary_Gland,209
chr1,629440,629441,CA,UpDownStream,upstream,LOC101928626,11,Whole_Blood;Nerve_Tibial;Small_Intestine_Terminal_Ileum;Lung;Adipose_Visceral_Omentum;Heart_Left_Ventricle;Heart_Atrial_Appendage;Adrenal_Gland;Spleen;Kidney_Cortex;Colon_Transverse,432
chr1,629577,629578,CT,UpDownStream,upstream,LOC101928626,1,Bladder,569
chr1,629581,629582,CT,UpDownStream,upstream,LOC101928626,2,Pituitary;Kidney_Cortex,573
chr1,629984,629985,CT,UpDownStream,upstream,LOC101928626,3,Kidney_Cortex;Bladder;Brain_Putamen_basal_ganglia,976
chr1,630086,630087,AG,intergenic,intergenic,LOC101928626;MIR12136,39,Whole_Blood;Skin_Sun_Exposed_Lower_leg;Skin_Not_Sun_Exposed_Suprapubic;Artery_Tibial;Nerve_Tibial;Adipose_Subcutaneous;Thyroid;Small_Intestine_Terminal_Ileum;Lung;Esophagus_Mucosa;Esophagus_Muscularis;Breast_Mammary_Tissue;Artery_Aorta;Esophagus_Gastroesophageal_Junction;Stomach;Testis;Colon_Sigmoid;Pancreas;Pituitary;Spleen;Prostate;Liver;Brain_Anterior_cingulate_cortex_BA24;Vagina;Brain_Amygdala;Uterus;Brain_Spinal_cord_cervical_c1;Brain_Substantia_nigra;Bladder;Cells_EBV-transformed_lymphocytes;Cells_Cultured_fibroblasts;Artery_Coronary;Brain_Cerebellar_Hemisphere;Brain_Frontal_Cortex_BA9;Brain_Hypothalamus;Ovary;Minor_Salivary_Gland;Colon_Transverse;Brain_Caudate_basal_ganglia,1078
chr1,630316,630317,AT,intergenic,intergenic,LOC101928626;MIR12136,30,Muscle_Skeletal;Skin_Sun_Exposed_Lower_leg;Adipose_Subcutaneous;Small_Intestine_Terminal_Ileum;Adipose_Visceral_Omentum;Esophagus_Muscularis;Breast_Mammary_Tissue;Heart_Left_Ventricle;Heart_Atrial_Appendage;Stomach;Testis;Colon_Sigmoid;Adrenal_Gland;Brain_Cerebellum;Liver;Brain_Cortex;Brain_Anterior_cingulate_cortex_BA24;Brain_Amygdala;Brain_Spinal_cord_cervical_c1;Brain_Substantia_nigra;Kidney_Cortex;Cells_EBV-transformed_lymphocytes;Brain_Cerebellar_Hemisphere;Brain_Frontal_Cortex_BA9;Brain_Hypothalamus;Brain_Hippocampus;Colon_Transverse;Brain_Nucleus_accumbens_basal_ganglia;Brain_Caudate_basal_ganglia;Brain_Putamen_basal_ganglia,1308
chr1,630689,630690,AG,intergenic,intergenic,LOC101928626;MIR12136,3,Brain_Spinal_cord_cervical_c1;Brain_Nucleus_accumbens_basal_ganglia;Brain_Putamen_basal_ganglia,1681
chr1,631384,631385,CA,intergenic,intergenic,LOC101928626;MIR12136,1,Adrenal_Gland,1230
chr1,632316,632317,CA,UpDownStream,downstream,MIR12136,10,Muscle_Skeletal;Heart_Left_Ventricle;Brain_Cortex;Brain_Amygdala;Cervix_Ectocervix;Brain_Hypothalamus;Brain_Hippocampus;Brain_Nucleus_accumbens_basal_ganglia;Brain_Caudate_basal_ganglia;Brain_Putamen_basal_ganglia,298
chr1,632938,632939,AG,UpDownStream,upstream,MIR12136,48,Whole_Blood;Muscle_Skeletal;Skin_Sun_Exposed_Lower_leg;Skin_Not_Sun_Exposed_Suprapubic;Artery_Tibial;Nerve_Tibial;Adipose_Subcutaneous;Thyroid;Lung;Esophagus_Mucosa;Adipose_Visceral_Omentum;Esophagus_Muscularis;Breast_Mammary_Tissue;Artery_Aorta;Heart_Left_Ventricle;Heart_Atrial_Appendage;Esophagus_Gastroesophageal_Junction;Stomach;Testis;Colon_Sigmoid;Pancreas;Pituitary;Adrenal_Gland;Spleen;Brain_Cerebellum;Prostate;Liver;Brain_Cortex;Brain_Anterior_cingulate_cortex_BA24;Vagina;Brain_Amygdala;Uterus;Brain_Spinal_cord_cervical_c1;Brain_Substantia_nigra;Kidney_Cortex;Cells_EBV-transformed_lymphocytes;Cells_Cultured_fibroblasts;Artery_Coronary;Brain_Cerebellar_Hemisphere;Brain_Frontal_Cortex_BA9;Brain_Hypothalamus;Brain_Hippocampus;Ovary;Minor_Salivary_Gland;Colon_Transverse;Brain_Nucleus_accumbens_basal_ganglia;Brain_Caudate_basal_ganglia;Brain_Putamen_basal_ganglia,254
chr1,633471,633472,AG,UpDownStream,upstream,MIR12136,5,Esophagus_Gastroesophageal_Junction;Stomach;Liver;Fallopian_Tube;Cells_Cultured_fibroblasts,787
chr1,633784,633785,CA,intergenic,intergenic,MIR12136;OR4F16,1,Bladder,1100
chr1,633816,633817,CT,intergenic,intergenic,MIR12136;OR4F16,2,Liver;Brain_Anterior_cingulate_cortex_BA24,1132
chr1,634382,634383,AG,intergenic,intergenic,MIR12136;OR4F16,2,Bladder;Cervix_Ectocervix,1698
chr1,634602,634603,CG,intergenic,intergenic,MIR12136;OR4F16,1,Kidney_Cortex,1918
chr1,634713,634714,CT,intergenic,intergenic,MIR12136;OR4F16,10,Whole_Blood;Artery_Tibial;Nerve_Tibial;Artery_Aorta;Pancreas;Pituitary;Vagina;Cervix_Ectocervix;Cells_EBV-transformed_lymphocytes;Cells_Cultured_fibroblasts,2029
chr1,663858,663859,AG,intergenic,intergenic,MIR12136;OR4F16,2,Bladder;Cervix_Endocervix,10884
chr1,663884,663885,AG,intergenic,intergenic,MIR12136;OR4F16,1,Bladder,10858
chr1,722612,722613,AG,intergenic,intergenic,OR4F16;LOC100288069,5,Nerve_Tibial;Testis;Pituitary;Brain_Spinal_cord_cervical_c1;Brain_Nucleus_accumbens_basal_ganglia,2411
chr1,724173,724174,AG,intergenic,intergenic,OR4F16;LOC100288069,1,Pituitary,1585
chr1,730071,730072,AG,ncRNA_intronic,ncRNA_intronic,LOC100288069,9,Nerve_Tibial;Artery_Aorta;Liver;Brain_Anterior_cingulate_cortex_BA24;Brain_Amygdala;Brain_Spinal_cord_cervical_c1;Brain_Substantia_nigra;Cervix_Ectocervix;Artery_Coronary,117
chr1,736544,736545,CA,ncRNA_intronic,ncRNA_intronic,LOC100288069,4,Whole_Blood;Lung;Esophagus_Mucosa;Spleen,932
chr1,740302,740303,AG,ncRNA_intronic,ncRNA_intronic,LOC100288069,8,Whole_Blood;Testis;Pituitary;Prostate;Vagina;Kidney_Cortex;Cervix_Endocervix;Artery_Coronary,117
chr1,740681,740682,AG,ncRNA_intronic,ncRNA_intronic,LOC100288069,4,Testis;Pituitary;Prostate;Brain_Amygdala,496
chr1,744027,744028,AG,ncRNA_intronic,ncRNA_intronic,LOC100288069,1,Pituitary,167
chr1,744088,744089,AG,ncRNA_intronic,ncRNA_intronic,LOC100288069,10,Artery_Tibial;Nerve_Tibial;Thyroid;Testis;Pituitary;Vagina;Uterus;Cervix_Endocervix;Artery_Coronary;Ovary,106
chr1,753724,753725,AG,ncRNA_intronic,ncRNA_intronic,LOC100288069,10,Artery_Tibial;Nerve_Tibial;Adipose_Subcutaneous;Colon_Sigmoid;Adrenal_Gland;Uterus;Cervix_Ectocervix;Cells_Cultured_fibroblasts;Artery_Coronary;Colon_Transverse,2352
chr1,800314,800315,AG,intergenic,intergenic,LOC100288069;FAM87B,2,Brain_Cerebellum;Brain_Cerebellar_Hemisphere,17056
chr1,803924,803925,CG,intergenic,intergenic,LOC100288069;FAM87B,1,Testis,13446
chr1,824976,824977,CG,intergenic,intergenic,FAM87B;LINC00115,6,Lung;Testis;Pituitary;Uterus;Fallopian_Tube;Ovary,1229
chr1,825197,825198,CA,intergenic,intergenic,FAM87B;LINC00115,35,Skin_Sun_Exposed_Lower_leg;Skin_Not_Sun_Exposed_Suprapubic;Artery_Tibial;Nerve_Tibial;Adipose_Subcutaneous;Thyroid;Small_Intestine_Terminal_Ileum;Lung;Esophagus_Mucosa;Adipose_Visceral_Omentum;Esophagus_Muscularis;Breast_Mammary_Tissue;Artery_Aorta;Heart_Left_Ventricle;Heart_Atrial_Appendage;Esophagus_Gastroesophageal_Junction;Stomach;Testis;Colon_Sigmoid;Pituitary;Adrenal_Gland;Spleen;Brain_Cerebellum;Prostate;Vagina;Uterus;Kidney_Cortex;Bladder;Cervix_Endocervix;Fallopian_Tube;Cells_EBV-transformed_lymphocytes;Artery_Coronary;Brain_Cerebellar_Hemisphere;Ovary;Colon_Transverse,1008
chr1,917966,917967,AG,ncRNA_intronic,ncRNA_intronic,LINC02593,1,Artery_Aorta,55
chr1,918431,918432,AG,ncRNA_intronic,ncRNA_intronic,LINC02593,1,Artery_Tibial,257
chr1,924977,924978,AG,ncRNA_intronic,ncRNA_intronic,LOC107985728,1,Pituitary,30
chr1,927117,927118,AG,intronic,intronic,SAMD11,1,Pituitary,1105
chr1,927169,927170,AG,intronic,intronic,SAMD11,11,Artery_Tibial;Thyroid;Artery_Aorta;Heart_Atrial_Appendage;Testis;Pituitary;Prostate;Vagina;Uterus;Kidney_Cortex;Bladder,1157
chr1,927674,927675,AG,intronic,intronic,SAMD11,1,Pituitary,1662
chr1,929150,929151,AG,intronic,intronic,SAMD11,1,Pituitary,1004
chr1,929292,929293,AG,intronic,intronic,SAMD11,1,Pituitary,862
chr1,932918,932919,AG,intronic,intronic,SAMD11,1,Pituitary,1830
chr1,932931,932932,AG,intronic,intronic,SAMD11,1,Pituitary,1843
chr1,933345,933346,AG,intronic,intronic,SAMD11,5,Artery_Aorta;Heart_Atrial_Appendage;Pituitary;Prostate;Cervix_Endocervix,2257
chr1,933426,933427,AG,intronic,intronic,SAMD11,12,Artery_Tibial;Nerve_Tibial;Thyroid;Artery_Aorta;Heart_Atrial_Appendage;Pituitary;Prostate;Vagina;Uterus;Kidney_Cortex;Cervix_Endocervix;Fallopian_Tube,2338
chr1,940745,940746,AG,intronic,intronic,SAMD11,1,Pituitary,398
chr1,944413,944414,AG,UTR3,UTR3,NOC2L;SAMD11,3,Bladder;Cervix_Ectocervix;Fallopian_Tube,160
chr1,961088,961089,AG,intronic,intronic,KLHL17,1,Artery_Tibial,204
chr1,968114,968115,AG,intronic,intronic,PLEKHN1,2,Prostate;Cervix_Endocervix,1312
chr1,968362,968363,AG,intronic,intronic,PLEKHN1,1,Prostate,1560
chr1,969889,969890,AG,intronic,intronic,PLEKHN1,2,Prostate;Cervix_Ectocervix,387
chr1,976245,976246,AG,exonic,exonic,PERM1,1,Heart_Atrial_Appendage,23
chr1,996990,996991,AG,intergenic,intergenic,PERM1;HES4,5,Artery_Tibial;Artery_Aorta;Pituitary;Prostate;Artery_Coronary,1973
chr1,997043,997044,AG,intergenic,intergenic,PERM1;HES4,7,Artery_Aorta;Heart_Atrial_Appendage;Pituitary;Prostate;Brain_Cortex;Brain_Amygdala;Artery_Coronary,1920
chr1,997300,997301,AG,intergenic,intergenic,PERM1;HES4,6,Artery_Tibial;Lung;Artery_Aorta;Pituitary;Cervix_Ectocervix;Artery_Coronary,1663
chr1,997333,997334,AG,intergenic,intergenic,PERM1;HES4,3,Artery_Tibial;Artery_Aorta;Artery_Coronary,1630
chr1,997912,997913,AG,intergenic,intergenic,PERM1;HES4,1,Pituitary,1051
chr1,998035,998036,AG,UpDownStream,downstream,HES4,1,Artery_Tibial,928
chr1,998083,998084,AG,UpDownStream,downstream,HES4,3,Artery_Tibial;Artery_Aorta;Artery_Coronary,880
chr1,998102,998103,AG,UpDownStream,downstream,HES4,41,Artery_Tibial;Nerve_Tibial;Thyroid;Lung;Esophagus_Mucosa;Adipose_Visceral_Omentum;Esophagus_Muscularis;Breast_Mammary_Tissue;Artery_Aorta;Heart_Left_Ventricle;Heart_Atrial_Appendage;Esophagus_Gastroesophageal_Junction;Testis;Colon_Sigmoid;Pituitary;Brain_Cerebellum;Prostate;Liver;Brain_Cortex;Brain_Anterior_cingulate_cortex_BA24;Vagina;Brain_Amygdala;Uterus;Brain_Spinal_cord_cervical_c1;Brain_Substantia_nigra;Kidney_Cortex;Bladder;Cervix_Endocervix;Cervix_Ectocervix;Fallopian_Tube;Artery_Coronary;Brain_Cerebellar_Hemisphere;Brain_Frontal_Cortex_BA9;Brain_Hypothalamus;Brain_Hippocampus;Ovary;Minor_Salivary_Gland;Colon_Transverse;Brain_Nucleus_accumbens_basal_ganglia;Brain_Caudate_basal_ganglia;Brain_Putamen_basal_ganglia,861
chr1,998155,998156,AG,UpDownStream,downstream,HES4,18,Artery_Tibial;Nerve_Tibial;Thyroid;Lung;Adipose_Visceral_Omentum;Artery_Aorta;Heart_Atrial_Appendage;Esophagus_Gastroesophageal_Junction;Pituitary;Prostate;Brain_Cortex;Vagina;Uterus;Kidney_Cortex;Bladder;Cervix_Endocervix;Fallopian_Tube;Artery_Coronary,808
chr1,998182,998183,AG,UpDownStream,downstream,HES4,28,Artery_Tibial;Nerve_Tibial;Thyroid;Lung;Adipose_Visceral_Omentum;Esophagus_Muscularis;Artery_Aorta;Heart_Left_Ventricle;Heart_Atrial_Appendage;Esophagus_Gastroesophageal_Junction;Testis;Colon_Sigmoid;Pituitary;Prostate;Brain_Cortex;Vagina;Uterus;Kidney_Cortex;Bladder;Cervix_Endocervix;Cervix_Ectocervix;Artery_Coronary;Brain_Frontal_Cortex_BA9;Brain_Hypothalamus;Colon_Transverse;Brain_Nucleus_accumbens_basal_ganglia;Brain_Caudate_basal_ganglia;Brain_Putamen_basal_ganglia,781
chr1,998193,998194,AG,UpDownStream,downstream,HES4,3,Artery_Tibial;Artery_Aorta;Artery_Coronary,770
chr1,998196,998197,AG,UpDownStream,downstream,HES4,1,Artery_Tibial,767
chr1,998289,998290,AG,UpDownStream,downstream,HES4,3,Artery_Tibial;Artery_Aorta;Artery_Coronary,674
chr1,998309,998310,AG,UpDownStream,downstream,HES4,3,Artery_Tibial;Artery_Aorta;Artery_Coronary,654
chr1,998324,998325,AG,UpDownStream,downstream,HES4,2,Artery_Tibial;Artery_Coronary,639
chr1,998399,998400,AG,UpDownStream,downstream,HES4,3,Artery_Tibial;Artery_Aorta;Artery_Coronary,564
chr1,998412,998413,AG,UpDownStream,downstream,HES4,21,Artery_Tibial;Nerve_Tibial;Thyroid;Lung;Adipose_Visceral_Omentum;Artery_Aorta;Heart_Left_Ventricle;Heart_Atrial_Appendage;Esophagus_Gastroesophageal_Junction;Colon_Sigmoid;Pituitary;Prostate;Vagina;Uterus;Kidney_Cortex;Bladder;Cervix_Endocervix;Artery_Coronary;Brain_Hypothalamus;Brain_Nucleus_accumbens_basal_ganglia;Brain_Putamen_basal_ganglia,551
chr1,998486,998487,AG,UpDownStream,downstream,HES4,3,Artery_Tibial;Artery_Aorta;Artery_Coronary,477
chr1,998501,998502,AG,UpDownStream,downstream,HES4,3,Artery_Tibial;Artery_Aorta;Artery_Coronary,462
chr1,998515,998516,AG,UpDownStream,downstream,HES4,1,Artery_Tibial,448
chr1,998639,998640,AG,UpDownStream,downstream,HES4,13,Artery_Tibial;Thyroid;Lung;Artery_Aorta;Heart_Atrial_Appendage;Pituitary;Prostate;Vagina;Uterus;Kidney_Cortex;Cervix_Endocervix;Cervix_Ectocervix;Artery_Coronary,324
chr1,998647,998648,AG,UpDownStream,downstream,HES4,2,Pituitary;Artery_Coronary,316